<?xml version="1.0" encoding="UTF-8"?><idempiere Name="at.dhx.adempiere.einventory" Version="1.0.0" idempiereVersion="" DataBaseVersion="" Description="Contains Process and Parameters for Inventory Booking Qty Update without updating the Count Qty" Author="" AuthorEmail="" CreatedDate="2017-01-01 18:03:58.209" UpdatedDate="2017-01-01 18:26:32.444" PackOutVersion="100" UpdateDictionary="false" Client="0-SYSTEM-System" AD_Client_UU="11237b53-9592-4af1-b3c5-afd216514b5d">
    <AD_EntityType type="table">
        <AD_Client_ID>0</AD_Client_ID>
        <AD_Org_ID>0</AD_Org_ID>
        <EntityType>DNV1</EntityType>
        <IsActive>Y</IsActive>
        <Name>DHX Inventory</Name>
        <Description>Entity to extend Inventory related Processes</Description>
        <Help>Entities used to extend the normal Physical Inventory</Help>
        <Version>1.00</Version>
        <ModelPackage>at.dhx.adempiere.inventory.model</ModelPackage>
        <Classpath/>
        <Processing>N</Processing>
        <AD_EntityType_UU>fc690d24-81f5-460e-b26d-756ab4a1cecf</AD_EntityType_UU>
    </AD_EntityType>
    <AD_Process type="table">
        <AD_Client_ID>0</AD_Client_ID>
        <AD_Org_ID>0</AD_Org_ID>
        <IsActive>Y</IsActive>
        <Name>Update Quantity</Name>
        <Description>The Book Quantity is updated with current book quantity</Description>
        <Help>The Update Quantity Process will update the book quantity with the current book quantity.  </Help>
        <ProcedureName/>
        <IsReport>N</IsReport>
        <Value>M_Inventory Update Booking Count</Value>
        <IsDirectPrint>N</IsDirectPrint>
        <AD_ReportView_ID reference="id"/>
        <Classname>at.dhx.adempiere.einventory.process.InventoryBookingCountUpdate</Classname>
        <AccessLevel>1</AccessLevel>
        <EntityType>DNV1</EntityType>
        <Statistic_Count>8</Statistic_Count>
        <Statistic_Seconds>25</Statistic_Seconds>
        <AD_PrintFormat_ID reference="id"/>
        <WorkflowValue/>
        <AD_Workflow_ID reference="id"/>
        <IsBetaFunctionality>N</IsBetaFunctionality>
        <IsServerProcess>N</IsServerProcess>
        <ShowHelp>Y</ShowHelp>
        <JasperReport/>
        <AD_Form_ID reference="id"/>
        <CopyFromProcess/>
        <AD_Process_UU>f374a13b-ee9a-40ee-877b-37b466dcd2d9</AD_Process_UU>
        <AD_CtxHelp_ID reference="id"/>
        <AD_Process_Trl type="translation">
            <Help/>
            <Description>Die Buchmenge wird mit dem aktuellen Lagerstand abgeglichen.</Description>
            <Name>Mengen aktualisieren</Name>
            <AD_Language>de_DE</AD_Language>
            <IsActive>Y</IsActive>
            <IsTranslated>Y</IsTranslated>
        </AD_Process_Trl>
        <AD_Reference type="table">
            <AD_Client_ID>0</AD_Client_ID>
            <AD_Org_ID>0</AD_Org_ID>
            <Name>M_Inventory CountSetOptional</Name>
            <Description/>
            <Help/>
            <ValidationType>L</ValidationType>
            <IsActive>Y</IsActive>
            <VFormat/>
            <EntityType>DNV1</EntityType>
            <IsOrderByValue>N</IsOrderByValue>
            <AD_Reference_UU>088171f8-3cbb-4528-abc0-dff6430b1eb7</AD_Reference_UU>
            <AD_Reference_Trl type="translation">
                <Help/>
                <Name>M_Inventory CountSetOptional</Name>
                <Description/>
                <AD_Language>de_DE</AD_Language>
                <IsActive>Y</IsActive>
                <IsTranslated>N</IsTranslated>
            </AD_Reference_Trl>
            <AD_Ref_List type="table">
                <AD_Client_ID>0</AD_Client_ID>
                <AD_Org_ID>0</AD_Org_ID>
                <Name>On Hand Qty</Name>
                <Description/>
                <AD_Reference_ID reference="uuid" reference-key="AD_Reference">088171f8-3cbb-4528-abc0-dff6430b1eb7</AD_Reference_ID>
                <ValidFrom/>
                <ValidTo/>
                <Value>O</Value>
                <IsActive>Y</IsActive>
                <EntityType>DNV1</EntityType>
                <AD_Ref_List_UU>3e3f1ba2-00ec-4af0-a889-3ea192bacaa3</AD_Ref_List_UU>
                <AD_Ref_List_Trl type="translation">
                    <Description/>
                    <Name>Vorratsmenge</Name>
                    <AD_Language>de_DE</AD_Language>
                    <IsActive>Y</IsActive>
                    <IsTranslated>Y</IsTranslated>
                </AD_Ref_List_Trl>
            </AD_Ref_List>
            <AD_Ref_List type="table">
                <AD_Client_ID>0</AD_Client_ID>
                <AD_Org_ID>0</AD_Org_ID>
                <Name>Zero</Name>
                <Description/>
                <AD_Reference_ID reference="uuid" reference-key="AD_Reference">088171f8-3cbb-4528-abc0-dff6430b1eb7</AD_Reference_ID>
                <ValidFrom/>
                <ValidTo/>
                <Value>Z</Value>
                <IsActive>Y</IsActive>
                <EntityType>DNV1</EntityType>
                <AD_Ref_List_UU>f48f9dcc-165a-4b98-8fc1-a22589495463</AD_Ref_List_UU>
                <AD_Ref_List_Trl type="translation">
                    <Description/>
                    <Name>Null</Name>
                    <AD_Language>de_DE</AD_Language>
                    <IsActive>Y</IsActive>
                    <IsTranslated>N</IsTranslated>
                </AD_Ref_List_Trl>
            </AD_Ref_List>
            <AD_Ref_List type="table">
                <AD_Client_ID>0</AD_Client_ID>
                <AD_Org_ID>0</AD_Org_ID>
                <Name>Unchanged</Name>
                <Description>Leave count unchanged</Description>
                <AD_Reference_ID reference="uuid" reference-key="AD_Reference">088171f8-3cbb-4528-abc0-dff6430b1eb7</AD_Reference_ID>
                <ValidFrom/>
                <ValidTo/>
                <Value>N</Value>
                <IsActive>Y</IsActive>
                <EntityType>DNV1</EntityType>
                <AD_Ref_List_UU>00ca3827-7f5b-4770-b9dc-95123f8b5868</AD_Ref_List_UU>
                <AD_Ref_List_Trl type="translation">
                    <Description>Zählmenge bleibt unverändert</Description>
                    <Name>Unverändert</Name>
                    <AD_Language>de_DE</AD_Language>
                    <IsActive>Y</IsActive>
                    <IsTranslated>Y</IsTranslated>
                </AD_Ref_List_Trl>
            </AD_Ref_List>
        </AD_Reference>
        <AD_Element type="table">
            <AD_Client_ID>0</AD_Client_ID>
            <AD_Org_ID>0</AD_Org_ID>
            <IsActive>Y</IsActive>
            <ColumnName>InventoryCountSetOptional</ColumnName>
            <Name>Set Inventory Count to</Name>
            <Description>Set the value of the inventory count to Zero, On Hand Quantity or leave unchanged</Description>
            <Help/>
            <PrintName>Set Inventory Count to</PrintName>
            <PO_Description/>
            <PO_Help/>
            <PO_Name/>
            <PO_PrintName/>
            <EntityType>DNV1</EntityType>
            <AD_Element_UU>3a0b5400-b217-4c70-a089-26a25a00c57c</AD_Element_UU>
            <AD_Element_Trl type="translation">
                <Help/>
                <PO_Description/>
                <PO_Help/>
                <Name>Zählbestand setzen auf</Name>
                <Description>Setzt den Zählbestand auf Null, die verfügbare Menge, oder lässt diesen unverändert.</Description>
                <PrintName>Zählbestand setzen auf</PrintName>
                <PO_Name/>
                <PO_PrintName/>
                <AD_Language>de_DE</AD_Language>
                <IsActive>Y</IsActive>
                <IsTranslated>Y</IsTranslated>
            </AD_Element_Trl>
        </AD_Element>
        <AD_Process_Para type="table">
            <AD_Client_ID>0</AD_Client_ID>
            <AD_Org_ID>0</AD_Org_ID>
            <IsActive>Y</IsActive>
            <Name>Set Inventory Count to</Name>
            <Description>Set the value of the inventory count to Zero, On Hand Quantity or leave unchanged</Description>
            <Help/>
            <AD_Process_ID reference="uuid" reference-key="AD_Process">f374a13b-ee9a-40ee-877b-37b466dcd2d9</AD_Process_ID>
            <SeqNo>10</SeqNo>
            <AD_Reference_ID reference="id">17</AD_Reference_ID>
            <AD_Reference_Value_ID reference="uuid" reference-key="AD_Reference">088171f8-3cbb-4528-abc0-dff6430b1eb7</AD_Reference_Value_ID>
            <IsRange>N</IsRange>
            <AD_Val_Rule_ID reference="id"/>
            <FieldLength>0</FieldLength>
            <IsMandatory>Y</IsMandatory>
            <DefaultValue>N</DefaultValue>
            <VFormat/>
            <ValueMin/>
            <ValueMax/>
            <ColumnName>InventoryCountSetOptional</ColumnName>
            <DefaultValue2/>
            <IsCentrallyMaintained>Y</IsCentrallyMaintained>
            <EntityType>DNV1</EntityType>
            <AD_Element_ID reference="uuid" reference-key="AD_Element">3a0b5400-b217-4c70-a089-26a25a00c57c</AD_Element_ID>
            <ReadOnlyLogic/>
            <DisplayLogic/>
            <AD_Process_Para_UU>b8bf07f9-5498-484a-b34b-b33ca99e43c8</AD_Process_Para_UU>
            <IsEncrypted>N</IsEncrypted>
            <AD_Process_Para_Trl type="translation">
                <Help/>
                <Name>Establecer contador de inventario a</Name>
                <Description>Establece el valor de la cuenta deinventario a cero o cantidad disponible.</Description>
                <AD_Language>es_CO</AD_Language>
                <IsActive>Y</IsActive>
                <IsTranslated>Y</IsTranslated>
            </AD_Process_Para_Trl>
            <AD_Process_Para_Trl type="translation">
                <Help/>
                <Name>Zählbestand setzen auf</Name>
                <Description>Setzt den Zählbestand auf Null, die verfügbare Menge, oder lässt diesen unverändert.</Description>
                <AD_Language>de_DE</AD_Language>
                <IsActive>Y</IsActive>
                <IsTranslated>Y</IsTranslated>
            </AD_Process_Para_Trl>
        </AD_Process_Para>
    </AD_Process>
</idempiere>
